"","GSM4731601","GSM4731602","GSM4731603","GSM4731604","GSM4731605","GSM4731606","GSM4731607","GSM4731608","GSM4731609","GSM4731610","GSM4731611","GSM4731612","GSM4731613","GSM4731614","GSM4731615","GSM4731616","GSM4731617","GSM4731618"
"EHD3",7.030425172,7.120563587,6.976918752,7.064292797,7.241595,7.07441368,6.994700739,7.163515771,7.278620525,7.000646675,6.870707211,7.066128641,6.395199661,6.824392619,6.664244423,5.957922993,6.29653322,6.358891168
"ANTXR1",6.536324724,6.579910656,6.595467265,6.634019835,6.772554474,6.555255629,6.478899274,6.651562918,6.72414928,6.328318953,6.302869978,6.531451473,5.75698092,5.901658514,5.770106551,5.337780573,5.803750341,5.642576435
"GMCL1",7.128133702,6.839421419,7.462644805,6.995937119,7.562544058,6.953422439,6.784334306,7.307405346,7.503768215,7.211908913,7.222236873,7.431991886,5.897866473,6.494949106,6.398842594,6.377005337,6.422709355,5.691660079
"RNU2-63P",5.897770943,5.5147511,5.699863519,5.85413598,5.950634381,5.52654548,5.858082126,5.819934717,5.705194933,6.172672268,5.907649978,5.764203047,4.883765599,5.160733217,4.90911079,4.442568496,4.445493893,4.708808636
"MGAT5",8.623384274,8.466714242,8.481025497,8.597760477,8.374460742,8.67917007,8.414136484,8.614782368,8.596318509,8.575548661,8.557585218,8.168590333,7.720932188,7.751106302,7.631836925,7.548758674,7.319930194,7.379635473
"RNA5SP109",4.117025845,4.255811014,4.421711529,3.937027293,4.287995847,3.981657631,3.919208265,4.240283739,4.53540158,4.512590211,4.752794812,4.450862127,3.501556571,3.346447446,3.441067187,3.111967889,3.348986476,3.312207752
"FAM114A1",7.190880503,7.079081895,7.137141134,7.166795309,7.35656602,7.195069217,6.992475856,7.208035843,7.267034748,7.016495731,7.018859112,6.958465095,6.226923219,6.557645173,6.553331752,6.468965594,6.612782681,6.215418355
"DANCR",6.794357033,6.702769676,6.616776661,6.797472776,6.610641026,6.936959216,6.593554946,6.791250051,6.473080094,6.811453151,6.746812755,6.308319438,6.124597668,5.969530227,5.953283722,5.557413282,5.794544845,5.991703197
"MIR4449",6.794357033,6.702769676,6.616776661,6.797472776,6.610641026,6.936959216,6.593554946,6.791250051,6.473080094,6.811453151,6.746812755,6.308319438,6.124597668,5.969530227,5.953283722,5.557413282,5.794544845,5.991703197
"RAD18",7.464133073,7.088484501,7.57601657,7.267720634,7.970841171,7.216253148,6.877659547,7.227988925,7.675795969,7.087614662,7.069952579,7.08949384,6.644683465,7.27637921,6.786131742,6.673829023,6.702178144,6.146285412
"KCNS3",5.93077011,6.246375046,6.007889667,5.925058887,5.694881524,5.917255933,5.944795227,6.351248334,5.662015199,5.7830119,5.607682538,5.332111818,4.907728305,5.576185688,5.2729409,4.775260058,4.876509836,4.914410023
"BTD",6.391980943,6.291223119,6.303289083,6.297942807,6.400224257,6.510227593,6.18358225,6.401883075,6.265946413,6.098266762,6.141701159,5.962833233,5.515708888,5.603352882,5.69134416,5.495108217,5.387691374,5.553033315
"ZNF512",6.321752658,6.206083372,5.967863697,6.312916373,6.427661439,6.26741288,6.136403728,6.414916561,6.281042132,6.389121333,6.350211557,6.25828732,5.687285611,5.713064198,5.712938659,5.539027917,5.600673756,5.467818128
"AC074091.2",6.321752658,6.206083372,5.967863697,6.312916373,6.427661439,6.26741288,6.136403728,6.414916561,6.281042132,6.389121333,6.350211557,6.25828732,5.687285611,5.713064198,5.712938659,5.539027917,5.600673756,5.467818128
"PEBP1P2",8.801093724,8.688136366,8.223390141,8.912316305,8.275868406,8.797662126,8.755233078,8.83944666,8.084447893,8.916813256,8.689293879,7.992747547,7.634953845,7.602936846,7.284087909,6.72841863,7.253576966,7.519123075
"RETSAT",8.801093724,8.688136366,8.223390141,8.912316305,8.275868406,8.797662126,8.755233078,8.83944666,8.084447893,8.916813256,8.689293879,7.992747547,7.634953845,7.602936846,7.284087909,6.72841863,7.253576966,7.519123075
"AC079447.1",5.672939235,5.590819788,5.542156584,5.726207122,5.747843638,5.676459935,5.513602845,5.724032545,5.863808739,5.76335208,5.700156956,5.719051217,5.137045689,5.261869432,5.082459864,4.917651951,4.842661138,4.887127725
"C2orf15",5.672939235,5.590819788,5.542156584,5.726207122,5.747843638,5.676459935,5.513602845,5.724032545,5.863808739,5.76335208,5.700156956,5.719051217,5.137045689,5.261869432,5.082459864,4.917651951,4.842661138,4.887127725
"ALG1L2",5.357109528,4.933974588,5.161225103,4.962940387,5.090641872,5.113308488,4.699967874,4.983757325,5.390107923,5.158770815,5.385802938,5.143919296,3.887650179,4.670042058,4.094761925,4.285683254,4.037759758,4.320975538
"AC093001.1",6.261724902,6.207462112,6.03659903,5.970535331,6.418064951,6.173464845,6.045349111,6.286292277,5.189781911,5.515558528,5.696643995,5.446875121,5.208625243,5.018446612,4.907320601,4.899803829,4.949719298,5.066983687
"IDH1",7.779970747,7.521728697,7.556458478,7.700227257,7.469402976,7.705999623,7.644416151,7.75701489,7.501573757,7.729631792,7.72393415,7.436762032,6.557408476,6.533072988,6.713000885,6.656095866,6.22166729,6.198706002
"LANCL1",6.742682688,6.557700049,6.739775626,6.749289405,6.769614258,6.786328437,6.651780051,6.818297046,6.889413031,6.893383419,6.888038643,6.790500113,5.891753723,5.948919702,5.910422487,5.672723454,5.873848316,5.791846325
"PECR",6.404368419,6.2158306,6.377912176,6.240068573,6.373356444,6.330901531,6.218882197,6.382816234,6.324129494,6.275108468,6.254796223,6.205157818,5.629410009,5.655613513,5.644912164,5.463805165,5.567176229,5.392117732
"IGFBP5",9.019729335,9.387838373,8.890984852,9.182736872,8.83722692,9.522513999,8.970855294,9.047894074,8.675105293,8.851627045,8.868786141,8.520163663,8.016159784,8.322309025,8.211003463,7.895711461,8.00357273,8.564489878
"ABCB6",7.252711525,7.322784656,6.710959549,7.192416534,6.667523397,7.427481799,7.16979775,7.125265842,6.708170562,6.985160482,6.922182256,6.392261025,6.347964487,6.063056839,6.143959271,6.397080154,6.009807785,6.428801791
"AC068946.2",7.252711525,7.322784656,6.710959549,7.192416534,6.667523397,7.427481799,7.16979775,7.125265842,6.708170562,6.985160482,6.922182256,6.392261025,6.347964487,6.063056839,6.143959271,6.397080154,6.009807785,6.428801791
"EFHD1",9.694738329,9.664608801,9.291957532,9.643460512,9.191503203,9.646704542,9.691234745,9.490137421,9.185975945,9.45997144,9.424521772,8.837532171,8.769840799,8.732840181,8.72449611,8.389726604,8.448938333,8.954219343
"G3BP2",5.84363224,5.87167164,5.970442449,5.86603145,6.065449411,6.00311854,5.481431956,5.733786938,5.727921049,5.819917865,5.796341907,5.585992691,5.123642964,5.408666871,5.290236729,4.527387144,5.30286439,4.866846914
"GPX8",5.189319391,4.731769815,5.411265233,4.999279948,5.305695131,4.911454837,4.805361681,5.12204484,5.472024791,5.20678531,5.148804062,5.257561565,3.903770557,4.124792305,4.164444295,3.774366291,4.006871,3.606147901
"AC010420.1",5.659181002,5.335499844,5.672841123,5.482700707,5.559526853,5.542288114,5.216101134,5.640812215,5.564634092,5.319568406,5.154829213,5.315012203,5.032997214,4.773778838,4.271089233,4.280374746,4.661184631,4.303298527
"AC112206.2",5.460745266,5.387324918,5.833732427,5.340439046,5.660478922,5.330641426,5.227099064,5.669662948,5.460097979,5.17956815,5.454910129,5.438262052,4.856577022,5.131631709,4.945089038,4.488418679,4.673741295,4.51142212
"AC022107.1",6.151504091,5.701314142,6.061960867,5.869895288,6.441572949,6.02929435,5.70719601,6.207340553,6.050201203,5.95404551,6.108551006,5.87192629,5.675579235,5.869814398,5.380141949,5.052910208,5.311095608,5.549029074
"SLC39A8",6.891226989,6.692242795,6.873615514,6.790928405,6.918728972,6.734771063,6.712410288,6.751187302,6.903769391,7.090277324,7.002083697,6.798786962,6.047880382,6.120993697,6.155329027,6.192817083,5.916990555,5.808365602
"TET2",9.68027539,9.612730224,10.22730566,9.731140307,10.1896945,9.682312468,9.614957597,9.733730764,10.19335716,9.576654594,9.476365339,9.942315805,8.882348844,9.304435041,9.254422186,8.677260884,9.417466564,9.059748278
"NBPF22P",5.971432725,5.834753846,5.721532098,5.970795126,6.046742068,5.846298933,5.838594187,5.973422264,5.857546264,5.555790922,5.682474194,5.633964567,5.183650593,5.255956118,5.061809959,5.33839407,4.933538091,5.017920947
"PLA2G12A",6.848680605,6.766228245,6.512224379,6.627383732,6.916915498,6.525343028,6.451319039,6.807909736,6.770912497,6.295659734,6.041142616,6.775906748,5.568518343,6.265269839,5.820266258,5.568751002,5.366087436,5.342350713
"PPIP5K2",6.534531363,6.226082078,6.895450031,6.466509878,7.203687194,6.283059394,6.161911519,6.619970162,7.171241851,6.58261833,6.580227753,7.011854272,5.332118481,5.925470696,5.858972767,5.506391459,5.83754769,4.942759438
"HSD17B4",8.049234357,7.786773533,7.843251158,7.974521515,7.996814257,7.897147174,7.9171862,7.952671478,8.064285182,8.065013301,8.04008185,7.875883375,7.011441495,7.142129078,7.016450594,7.123172058,6.936899521,6.740372346
"MSMO1",8.185511443,7.937442842,7.978692114,8.090786746,8.370436153,8.158577819,8.014227752,8.103818889,8.235402513,8.117703671,8.009822643,8.093470564,7.19278925,7.444619407,7.329174634,7.12496882,7.264332884,7.265793242
"PCDHB2",6.549751831,6.376330235,6.650860338,6.637178895,6.307319631,6.362048168,6.290462585,6.521076043,6.272443996,6.208901606,6.156170551,6.081399587,5.324512946,5.435021936,5.672654999,5.380180829,5.41508442,5.381668228
"PCDHB3",7.656177534,7.669471633,7.585885154,7.60480127,7.774020427,7.811625095,7.203919067,7.529346697,7.602983218,7.291943595,7.267333535,7.54526964,5.765392478,6.465703233,5.90811862,5.60146885,5.858441323,5.8225437
"PCDHB4",6.294058481,6.151979354,6.48136045,6.388669572,6.345159865,6.544119659,5.891426392,6.23963885,6.441586656,6.155431959,6.237525657,5.896252841,5.166999387,5.560678025,5.179648438,5.152679015,5.45605107,5.420501989
"PCDHB5",5.879108345,5.963702821,6.138190927,6.085035645,5.920324763,5.739291842,5.715163056,5.82832722,5.940965844,5.836083757,5.885265045,5.910615785,5.267087832,5.459685606,5.434102171,5.094511344,4.804437116,5.362208125
"PCDHB8",7.361048933,7.00910276,7.732528753,7.149008217,7.323987206,7.027312533,7.002453959,7.103117,7.423746441,6.797431835,6.783868694,7.198356247,5.762800371,6.132545783,6.174203343,5.586442367,6.306557753,6.073514914
"PCDHB9",6.215200386,6.237214107,6.335507506,6.368726675,6.40073336,6.305478064,6.110297236,6.209090353,6.459245686,6.246148542,6.231977281,6.250815024,5.331674898,5.188508722,5.558734223,5.335504101,5.486775572,5.552366059
"PCDHB12",5.915719729,5.701122332,5.902129343,5.801461714,6.211010179,5.80435053,5.565933528,5.983124222,6.092561831,5.841615978,5.766495366,5.952602416,5.058112847,5.405635278,5.251734509,5.113167655,5.24160608,5.024632695
"GPX3",6.557508385,6.729782286,6.626552902,6.80878012,6.552057315,6.699218933,6.747606121,6.621115628,6.680102495,6.395255153,6.127691153,6.162381617,5.891535133,5.990171398,6.145902505,5.615458208,5.824034924,6.135434824
"GM2A",6.035364083,6.103954528,6.000821773,6.069827574,5.855917291,6.108678208,6.033604634,6.003379882,5.811993961,5.918341215,5.894661632,5.693136538,5.236091797,5.151000619,4.902732468,4.994009169,4.985657163,5.215240907
"CCNG1",7.971012401,7.666425773,7.904965928,7.896948558,8.27336483,7.765168994,7.724142543,7.964460417,8.119102952,7.682959941,7.585607809,7.959118906,6.084923198,6.602452679,6.663088725,6.553115444,6.759957709,6.242582251
"AC008663.1",8.598721096,8.559671843,9.092036973,8.742585879,9.076993693,8.712354716,8.576945391,8.701440757,8.955297347,8.683878157,8.638877715,8.692061026,6.987105539,7.751479124,7.651174953,6.101312019,6.895343797,6.770121547
"AC008663.2",4.742675089,4.687920077,5.437908614,4.716133425,5.372714102,4.763746532,4.871489061,4.85544339,5.449000144,4.865104612,5.009368637,5.47895227,4.500950172,4.835623308,4.795534682,3.969589975,4.29528564,3.904827466
"AC138965.2",5.692568508,5.555247494,5.428915656,5.502904339,5.905579334,5.527269024,5.615625152,5.701558441,5.965611068,5.438092552,5.252951487,5.91239974,5.219547319,5.797121747,5.404985367,4.872935763,4.517226321,4.847259139
"SIMC1",7.9426947,7.883309637,7.992739295,8.053106284,8.249826456,7.925444355,7.732047623,7.999809176,8.069365891,7.903919224,7.807166124,7.729850804,7.056323481,7.311965547,7.51139059,7.013570648,7.25454129,7.096475686
"AC139795.1",7.9426947,7.883309637,7.992739295,8.053106284,8.249826456,7.925444355,7.732047623,7.999809176,8.069365891,7.903919224,7.807166124,7.729850804,7.056323481,7.311965547,7.51139059,7.013570648,7.25454129,7.096475686
"ATAT1",7.049854575,7.128820646,7.425654771,7.140953813,7.508042379,7.155061654,6.992616909,7.170071579,7.453438008,7.015002182,6.931897695,7.014078125,6.369556111,6.947857871,6.853966284,5.991296216,6.513347562,6.266516938
"HSPA1A",10.72711529,10.72592152,10.2182361,10.73046517,10.0692746,10.82168536,10.61946732,10.64965609,10.1548115,10.775626,10.77558814,10.02873879,9.668361742,9.43421372,9.468609812,9.546328983,9.248743973,9.908593825
"HSPA1B",10.72711529,10.72592152,10.2182361,10.73046517,10.0692746,10.82168536,10.61946732,10.64965609,10.1548115,10.775626,10.77558814,10.02873879,9.668361742,9.43421372,9.468609812,9.546328983,9.248743973,9.908593825
"PPT2",7.450578917,7.531506218,7.157924997,7.461660222,7.153547125,7.440087065,7.430685256,7.428457907,7.103450507,7.328516375,7.345499294,7.151635544,6.854177178,6.798180599,6.746594639,6.339278973,6.309263147,6.64612945
"EGFL8",7.450578917,7.531506218,7.157924997,7.461660222,7.153547125,7.440087065,7.430685256,7.428457907,7.103450507,7.328516375,7.345499294,7.151635544,6.854177178,6.798180599,6.746594639,6.339278973,6.309263147,6.64612945
"DXO",7.052036147,6.916354233,6.504243861,6.858427539,6.353573476,7.053913105,6.600614234,6.70030877,6.187605144,6.74949123,6.624181662,5.916478505,6.134689211,5.909289348,6.095803553,5.337941344,5.615138279,6.149887556
"AL845464.1",7.450578917,7.531506218,7.157924997,7.461660222,7.153547125,7.440087065,7.430685256,7.428457907,7.103450507,7.328516375,7.345499294,7.151635544,6.854177178,6.798180599,6.746594639,6.339278973,6.309263147,6.64612945
"AL662828.1",7.450578917,7.531506218,7.157924997,7.461660222,7.153547125,7.440087065,7.430685256,7.428457907,7.103450507,7.328516375,7.345499294,7.151635544,6.854177178,6.798180599,6.746594639,6.339278973,6.309263147,6.64612945
"PRKAR2B",7.440817939,7.21919225,7.736408183,7.333052709,7.619611699,7.297199387,7.17000736,7.447018466,7.766925736,7.220322241,7.270878104,7.39787063,6.346294997,6.785512912,6.601197414,6.717703758,6.656131714,6.12600552
"TTYH3",8.11556922,8.352412937,7.738273103,8.286814134,7.591195298,8.292691648,8.224345652,8.082759488,7.683392545,7.913984978,7.863022107,7.480814472,7.486860744,7.210412413,6.998978369,7.0054864,6.971428811,7.407020421
"NQO2",7.292913386,7.22697463,7.202427812,7.293405614,7.341718552,7.362631329,7.134243308,7.188757943,7.081665665,7.090737248,7.07446854,6.864070744,6.532565874,6.50211909,6.333783399,6.4899166,6.428249442,6.504938207
"RNF5P1",9.000364188,9.107063251,8.30212018,9.226915346,8.595137521,8.972787481,8.91956671,8.846131277,8.495809603,8.866444386,8.708159859,8.279647917,8.16396358,8.299972221,8.207546879,7.833155073,8.043984721,8.465583043
"ALDH5A1",7.005789397,7.114598989,6.557593236,7.251175042,6.441864073,7.16306658,7.027908549,7.241212935,6.333426351,7.281659483,6.925083166,6.578321062,6.185313727,5.515660143,5.903231841,5.988075357,5.682190007,6.126224411
"AL513548.1",6.504583204,6.235333359,6.930508735,6.428929286,6.514614268,6.812631274,5.865985036,6.019985156,6.346068228,6.069047628,6.22471001,6.19931091,5.281953992,5.534397402,6.033012679,5.43202416,5.900604004,5.902472665
"ADCY1",8.67848078,8.641187535,8.176036396,8.67269321,8.133568568,8.694340299,8.571458442,8.525348814,8.322046641,8.65662371,8.616073735,8.108344598,7.033393392,6.695060054,6.794312349,6.935374172,6.572678622,6.892337884
"PPT2-EGFL8",7.450578917,7.531506218,7.157924997,7.461660222,7.153547125,7.440087065,7.430685256,7.428457907,7.103450507,7.328516375,7.345499294,7.151635544,6.854177178,6.798180599,6.746594639,6.339278973,6.309263147,6.64612945
"MIR6833",9.000364188,9.107063251,8.30212018,9.226915346,8.595137521,8.972787481,8.91956671,8.846131277,8.495809603,8.866444386,8.708159859,8.279647917,8.16396358,8.299972221,8.207546879,7.833155073,8.043984721,8.465583043
"POLR3E",9.69524028,9.6481656,9.201870501,9.933641139,9.410379622,9.977153236,9.587457368,9.480184722,9.498158977,9.457322026,9.430996407,9.23036225,9.031891757,8.550229579,9.002259837,8.205042928,8.614754159,9.223463863
"LIMK1",7.774456018,7.809959127,7.354443374,7.83358099,7.241039726,7.698775468,7.72701558,7.655035331,7.173162144,7.421107614,7.356042767,6.983393768,7.006275222,6.844313768,6.708524804,6.791254222,6.503422551,7.03667502
"KLHDC3",7.926928713,7.955712967,7.212489757,8.006775023,7.320320144,8.083290036,7.922561762,7.880938571,7.230818774,7.816727617,7.83839749,7.10908283,6.807588812,6.292518377,6.388233299,6.628050489,6.19863022,6.702503291
"TMEM14A",8.069004799,7.881144564,8.259424941,8.058066989,8.24282945,8.194279369,7.899151998,8.033064672,8.275986099,8.136136948,8.282603104,8.271293692,6.753979386,7.194504038,7.095254077,6.92252113,7.231899835,6.773603782
"AL021368.3",6.504583204,6.235333359,6.930508735,6.428929286,6.514614268,6.812631274,5.865985036,6.019985156,6.346068228,6.069047628,6.22471001,6.19931091,5.281953992,5.534397402,6.033012679,5.43202416,5.900604004,5.902472665
"MOSPD3",7.708138389,8.019114549,7.501186378,7.879183276,7.438816034,7.969279906,7.738587436,7.648002018,7.505652883,7.447517607,7.46683356,7.220888542,7.055643669,7.029287659,6.960557129,6.800366143,6.741587572,7.09782889
"SRRT",8.336540682,8.405842548,7.932399614,8.416415424,7.998260028,8.445716335,8.302392162,8.326897923,7.982723954,8.29616619,8.312732099,7.907670766,7.652338787,7.732433034,7.526922194,7.627763255,7.23080415,7.530210243
"AP1S1",8.01333573,8.15336722,7.692632726,8.081739727,7.796407123,8.28850817,7.925962419,7.932703828,7.794886606,8.033808915,7.938658758,7.472949003,7.026474672,7.017315302,7.209286625,6.788443587,6.885695526,7.113746597
"MIR4653",7.689102773,7.65779542,8.32188514,7.842540023,8.488270819,7.553854324,7.542194009,7.55594397,8.330489033,7.471396865,7.445536692,7.852080064,6.193769446,7.169813653,7.18952421,6.028681055,7.096816987,6.428686828
"SH3BGRL2",7.469046642,7.178744606,7.586072411,7.294304103,7.720659521,7.323394306,7.145512694,7.544861794,7.760470426,7.2396887,7.276070137,7.388167914,6.351167774,6.482305594,6.792866001,6.538640109,6.75584215,6.358430662
"POLR2J3",11.22515431,11.03259719,11.05316255,11.34249025,11.03732118,11.0239201,10.97635885,11.01060113,10.96401836,10.98563509,10.93296147,10.68346154,10.44686493,10.77988108,10.15659191,10.51071603,9.980603336,10.41360177
"HS3ST5",6.634905927,6.687217607,6.904925222,6.689675004,6.754416448,6.69510037,6.374970296,6.756121127,6.591254532,6.355720232,6.310227842,6.118528207,5.673592322,5.881966857,5.849961316,5.712290096,5.696957569,5.881462002
"MAN1A1",8.631551181,8.112582018,8.449076763,8.402097528,8.800451851,8.142455677,8.266380942,8.437708431,8.592655242,8.193479276,8.095701999,8.504527401,6.782934037,7.040861131,6.965607746,7.520175649,7.677704724,6.866899015
"MYB",9.386640008,9.099058809,8.849908948,9.322119964,9.657543523,9.064378869,9.109452099,9.309055095,9.738820245,9.241730671,9.122921652,9.408923955,7.762344442,8.107594422,8.320231937,7.656190013,8.060879256,7.437637544
"LINC02739",8.017909483,8.14420121,7.482182623,8.342302105,7.687340839,8.492535042,7.838188566,7.399986716,7.321266516,7.814988263,7.666897922,6.902966936,7.060490589,7.090881884,7.201077346,6.947030955,6.96427458,7.6112952
"RNU6-813P",9.761514724,9.185011393,9.933336253,9.590493952,10.40636825,9.31816529,9.422775924,9.788251308,10.26356925,9.561919434,9.60832806,9.862455237,6.419123513,7.310405891,7.243179747,6.329646024,6.468903965,5.42776403
"EGR3",6.30157312,6.202483774,6.297110291,6.245755435,7.051589629,6.140753753,5.670918627,6.510994807,6.671707225,5.414306051,5.526321479,5.972552757,4.983300205,6.272712053,5.379611605,5.158312967,5.497229785,4.996756212
"DPYSL2",7.436271791,7.422798209,7.369369248,7.431530401,7.148855276,7.491564818,7.311857112,7.400561558,7.174783918,7.391742488,7.350532087,6.995011393,6.557666828,6.657279819,6.475587489,6.282350337,6.231054705,6.460943114
"TUBBP1",10.57867394,10.48252514,9.988035468,10.58954377,10.22139078,10.59653076,10.56268086,10.50035085,10.44734528,10.57617834,10.50105483,10.22804094,9.930821204,10.00203762,9.871045548,9.471060015,9.477550518,10.03290447
"EIF2AK1",10.3421542,10.21177289,10.19084668,10.32860965,10.27593483,10.31687751,10.20816525,10.41130066,10.42021538,10.29553258,10.30516458,10.10817962,9.738637503,9.950880743,9.876042961,9.338107374,9.592941941,9.445573485
"SNX10",6.461870145,6.319375734,6.965198752,6.355176967,7.193409149,6.43099505,6.31834676,6.579762188,7.040069483,6.476292775,6.273410896,6.752444576,5.380827822,5.201045626,5.338384482,5.182901269,5.568776339,4.965503531
"GALNT12",6.626954827,6.565361757,6.46060724,6.596535086,6.497638521,6.471777616,6.398182525,6.854864173,6.420119763,6.648731502,6.790647723,6.409652077,5.654597072,5.649432999,5.428417543,5.622142347,5.511905124,5.43582044
"RPS29P14",5.165147334,4.839517687,5.482338747,5.192539615,5.778047886,5.194574557,4.792804602,5.338850086,5.435624763,5.205975654,5.183445867,5.060150787,4.374559499,4.406633189,4.754200504,4.624128981,4.52349871,4.417956604
"ZNF483",5.965399199,5.678234083,6.323562116,5.869602186,6.447935983,5.948347259,5.813092495,6.126545537,6.322070653,6.042832608,6.131006194,6.179857564,5.055054451,5.609367562,5.487629502,4.983085259,5.177973166,4.849438882
"DPY19L2P1",6.0178096,5.596899568,6.735512364,5.833658585,6.626064944,6.201094577,5.515505535,6.026037228,5.836873513,5.905390751,5.757321171,6.55478792,4.829637345,5.34488324,5.495776633,5.094816311,5.499168222,4.758897909
"ZNF618",7.654299126,7.654660212,7.399509839,7.697077689,7.630485901,7.766063083,7.543281282,7.55680108,7.526004332,7.599546675,7.578412366,7.413259464,6.670851214,6.731175949,6.744016934,6.389004834,6.360417078,6.417731347
"C8orf44-SGK3",6.970837474,6.787792275,6.993549983,6.889121984,7.31938503,6.878310718,6.666700803,7.038366982,7.234526384,6.692095397,6.773572253,6.774011035,5.502408927,5.700744619,5.709046444,5.930648433,5.745589441,5.464522908
"SGK3",6.970837474,6.787792275,6.993549983,6.889121984,7.31938503,6.878310718,6.666700803,7.038366982,7.234526384,6.692095397,6.773572253,6.774011035,5.502408927,5.700744619,5.709046444,5.930648433,5.745589441,5.464522908
"SNHG6",6.525921407,6.353922461,6.526605527,6.472404132,6.924688538,6.433264786,6.340830291,6.416118652,6.829570222,6.470731992,6.531063351,6.57057299,5.608942496,5.732159925,5.729071896,5.535244661,5.765053988,5.330184356
"SNORD87",6.525921407,6.353922461,6.526605527,6.472404132,6.924688538,6.433264786,6.340830291,6.416118652,6.829570222,6.470731992,6.531063351,6.57057299,5.608942496,5.732159925,5.729071896,5.535244661,5.765053988,5.330184356
"RALGPS1",6.848411996,6.78144345,6.688880501,6.817960703,6.839404629,6.838429281,6.701648691,6.841944643,6.766502839,6.774602519,6.734991229,6.476797323,6.092418389,6.161962635,6.200891046,6.02786804,5.995720189,6.064111287
"AL442663.4",6.334056971,6.278690731,6.135210518,6.347357995,6.000792915,6.718682484,5.827950491,5.961136364,6.123083304,6.004871516,5.815749262,5.304775529,5.138321785,5.829697348,5.634686469,5.557812925,5.325252149,5.72216101
"FKBP9P1",7.738637741,7.50895625,7.468443705,7.66220535,7.573869589,7.596037603,7.614288336,7.661999333,7.543587567,7.546036067,7.510593179,7.328911639,6.659544988,6.800691851,6.684532458,6.469820658,6.565328805,6.664141982
"AL441992.1",6.58081301,6.501978734,6.815397933,6.547507994,6.501444772,6.594973661,6.26046014,6.435066489,6.545782792,5.974727815,6.18043906,5.581489355,5.343418699,4.892035271,4.960011231,4.667641914,5.024113942,4.74108379
"PTDSS1",8.889995201,8.777379372,8.500362625,8.862484733,8.654928597,8.883951795,8.676962028,8.840603386,8.662143011,8.835912322,8.694621577,8.435882809,7.832858315,7.978552335,7.742845149,7.518830029,7.428942798,7.303160636
"POP1",7.249694518,6.989162403,7.133461362,7.226846262,7.269618763,7.296426084,7.03148268,7.105740039,7.144201602,7.151121112,7.203496242,6.912520763,6.435202747,6.473451529,6.368340488,6.646272597,6.403664095,6.306807314
"AIF1L",7.222898731,7.276977248,6.825876364,7.248378278,6.75474078,7.270977087,7.253997842,7.11224594,6.786863666,7.051795393,6.992450355,6.473071474,6.275573489,5.736470952,5.780306061,5.967719911,5.576714773,6.198107698
"BRD3OS",7.309861608,7.503736447,7.175752084,7.439428992,7.093431277,7.314911453,7.348856923,7.386188755,7.10823228,7.201443586,7.037933884,6.916885741,6.747640204,6.476864322,6.629290179,6.226116215,6.352018915,6.73490524
"DTX2",7.79554472,7.954076401,7.699536668,7.899912143,7.701815547,7.909416393,7.845796241,7.807775673,7.770319508,7.790092267,7.665505572,7.602003935,7.166468599,7.332624726,7.335791742,6.949882869,6.87088566,7.075004583
"RNF139-AS1",6.194327679,5.977508137,6.128858873,6.078727185,6.193635693,6.013135256,5.908437281,6.245818905,6.38439457,5.920257467,5.813412698,6.043738126,5.177690397,5.709829562,5.625662565,5.064512984,5.472014134,5.158055945
"SQLE",9.962336218,9.836660626,10.11573603,9.920262482,10.03810944,9.895873727,9.805999493,9.939481646,10.11823631,9.803282249,9.769184776,9.991815311,9.03981333,9.317277781,9.208222893,9.095381177,9.088935512,8.5980673
"AC005045.2",7.119297087,7.070305507,7.901957938,6.943514779,7.78403042,7.05151914,6.839195423,7.356858618,7.984496489,7.174857903,7.127639423,7.481161218,6.172150749,7.052386242,6.945182959,5.836633593,6.419110514,5.653403698
"CROT",7.119297087,7.070305507,7.901957938,6.943514779,7.78403042,7.05151914,6.839195423,7.356858618,7.984496489,7.174857903,7.127639423,7.481161218,6.172150749,7.052386242,6.945182959,5.836633593,6.419110514,5.653403698
"RHPN1-AS1",7.187474427,7.39222269,7.069275146,7.358037143,7.535175839,7.598466895,7.214696257,7.401900445,7.389477099,7.229212708,7.079342616,6.893925816,6.251334451,6.332494146,6.45615925,5.743483993,6.470371934,6.534401141
"AC105052.3",9.855883538,9.913873725,9.293072086,9.821488405,9.667175508,9.970404589,9.867805197,9.805662726,9.445353917,9.905232726,9.912042525,9.379921531,9.205930123,9.051633663,8.936937598,8.767916619,8.893866896,9.375146846
"CDK5",8.635283476,8.570699814,8.189124483,8.463628652,8.150776922,8.823913808,8.420049565,8.519751349,8.234009092,8.561811255,8.501983847,8.306435896,7.600772074,7.572476821,7.5805147,7.697279874,7.481596473,7.819333577
"LMBR1",8.53363085,8.590571602,8.980541599,8.302147787,8.700081113,8.500256552,8.279945642,8.50427894,8.763712782,8.352438065,8.294463052,8.51775907,7.379718164,7.42596921,7.280874684,6.961505347,7.136459768,7.184354871
"PLXDC1",6.334056971,6.278690731,6.135210518,6.347357995,6.000792915,6.718682484,5.827950491,5.961136364,6.123083304,6.004871516,5.815749262,5.304775529,5.138321785,5.829697348,5.634686469,5.557812925,5.325252149,5.72216101
"MT-TF",12.68760926,12.63201064,12.66440996,12.92079529,12.77801081,12.56855653,12.79264583,12.57539631,13.05189817,12.58150413,12.56784821,13.14553777,12.13233989,12.09249783,12.21546606,11.6631802,12.16420552,11.9987972
"MT-RNR1",12.68760926,12.63201064,12.66440996,12.92079529,12.77801081,12.56855653,12.79264583,12.57539631,13.05189817,12.58150413,12.56784821,13.14553777,12.13233989,12.09249783,12.21546606,11.6631802,12.16420552,11.9987972
"MT-TV",12.68760926,12.63201064,12.66440996,12.92079529,12.77801081,12.56855653,12.79264583,12.57539631,13.05189817,12.58150413,12.56784821,13.14553777,12.13233989,12.09249783,12.21546606,11.6631802,12.16420552,11.9987972
"MT-RNR2",12.68760926,12.63201064,12.66440996,12.92079529,12.77801081,12.56855653,12.79264583,12.57539631,13.05189817,12.58150413,12.56784821,13.14553777,12.13233989,12.09249783,12.21546606,11.6631802,12.16420552,11.9987972
"GOLGA2P10",9.907210484,10.0329652,10.00352929,9.835251473,9.57006538,10.01044723,9.739545908,9.844960286,9.646761469,9.758082611,9.707229503,9.271297388,8.735386376,8.921133382,8.740638389,8.425640982,8.84259438,8.953164516
"SLC25A6",10.75308403,10.74255925,10.55177856,10.74259291,10.5963129,10.8259003,10.62200092,10.6875266,10.28970148,10.57641607,10.59872191,10.20425759,9.960928532,10.05401983,10.00875512,9.71634203,9.86036312,10.10615472
"TIMP1",7.915674937,8.133636718,7.477763216,8.052406096,7.673587965,8.002726496,8.006522291,7.971167171,7.49108999,7.819840782,7.764441762,7.364532018,7.034769241,6.966217332,7.012388331,6.592700972,6.968868399,7.40992065
"PORCN",6.798848135,7.056369203,7.306198646,7.027999332,7.063327316,7.017499952,7.006856171,6.999193324,7.12396864,6.887916025,6.686025626,7.021342525,6.281103074,6.622159674,6.459774494,5.749267172,6.145694424,6.194187713
"EBP",8.826870023,8.740316305,8.115586098,8.559240669,7.994265361,8.749590821,8.573343427,8.531856117,8.119848758,8.607502926,8.502013094,7.98383223,7.802998853,7.339372434,7.340081391,7.537728609,7.252981764,7.911987866
"MAGED1",8.460296558,8.450347436,8.209758376,8.441453406,8.191299766,8.481295497,8.3027459,8.491523202,8.227785784,8.336740355,8.324275288,8.027145345,7.298105237,7.522253775,7.442150014,7.533233652,7.183772015,7.434378614
"MAGED2",8.464731999,8.464538462,7.511598156,8.387511204,7.793745757,8.530789916,8.348383888,8.497681171,7.712197807,8.350747213,8.492187437,7.450964852,7.245592061,6.777783624,6.757002775,7.455266927,6.750298897,7.310639435
"LINC00630",6.330456049,6.066281543,6.529277321,6.197379462,6.508397045,6.105311404,5.934415049,6.353439848,6.373661795,6.23574081,6.113889238,6.073873807,5.529237474,5.774434744,5.568678348,5.297030551,5.615063202,5.397855033
"TMEM164",8.424050209,8.417646441,7.9588163,8.413216448,7.947123296,8.69443213,8.315687076,8.269838233,8.162922814,8.251746974,8.261761023,7.800847396,7.262066967,7.320155258,7.117659805,7.185310928,6.915350092,7.182703864
"BCAP31",10.98237796,10.68161821,10.57571772,10.85287023,10.54849506,10.68855347,10.75048639,10.95095529,10.62708932,10.80144129,10.75704052,10.57532873,10.19691956,10.09648054,10.09285436,9.750701651,9.903403712,9.891287056
"GOLGA2P7",9.907210484,10.0329652,10.00352929,9.835251473,9.57006538,10.01044723,9.739545908,9.844960286,9.646761469,9.758082611,9.707229503,9.271297388,8.735386376,8.921133382,8.740638389,8.425640982,8.84259438,8.953164516
"AC044860.1",9.907210484,10.0329652,10.00352929,9.835251473,9.57006538,10.01044723,9.739545908,9.844960286,9.646761469,9.758082611,9.707229503,9.271297388,8.735386376,8.921133382,8.740638389,8.425640982,8.84259438,8.953164516
"MTRNR2L8",12.68760926,12.63201064,12.66440996,12.92079529,12.77801081,12.56855653,12.79264583,12.57539631,13.05189817,12.58150413,12.56784821,13.14553777,12.13233989,12.09249783,12.21546606,11.6631802,12.16420552,11.9987972
"RNF141",12.68760926,12.63201064,12.66440996,12.92079529,12.77801081,12.56855653,12.79264583,12.57539631,13.05189817,12.58150413,12.56784821,13.14553777,12.13233989,12.09249783,12.21546606,11.6631802,12.16420552,11.9987972
"MIR3198-1",9.332153621,9.048567302,8.91178407,9.231643135,9.095639181,9.104842277,9.04117483,9.174892555,9.146454607,9.422933034,9.628349067,9.137786094,8.307686572,8.29579888,7.97208005,8.560343482,8.219834698,8.008685312
"XBP1",10.8530558,10.57321207,10.45962803,10.67188852,10.75455695,10.55428515,10.68065987,10.83147484,10.73367172,10.64524369,10.67270321,10.41106551,9.35133188,9.146248512,9.218770952,8.516572167,8.779060802,8.628287305
"AHCY",7.98242997,8.234394009,7.405476555,8.125509342,7.4275488,8.174668188,7.9169597,7.980950958,7.380308857,7.971286207,7.894301017,7.299336757,7.129176558,6.864734547,7.015382885,7.031023256,6.726727581,7.156477587
"ZHX3",7.541082059,7.538019863,7.611286638,7.655195844,7.565446738,7.629721903,7.492651865,7.51893497,7.399572207,7.48464835,7.416939442,7.293399888,6.724524432,7.022292779,6.859757311,6.821190871,6.72719378,6.809517151
"NAGA",7.259768725,7.100736485,6.856766229,7.253667574,6.622898904,7.317314924,7.019912879,7.192279517,6.789255481,7.054329243,7.147428813,6.611987761,6.216068322,6.168989871,6.010738936,5.92518826,6.035951442,6.311283628
